1	KLF4_MOUSE.H11MO.0.A	2	2.40312e-06	0.00127606	0.000824387	7	CCCACCC	GCCACACCCACTCCA	-
3	KLF4_MOUSE.H11MO.0.A	2	2.0356e-05	0.010809	0.0042076	7	CCCACCC	GCCACACCCACTCCA	-
2	SOX2_MOUSE.H11MO.1.A	3	4.27527e-07	0.000227017	0.000442566	7	AACAAAG	CAGAACAAAGGAA	-
2	SOX2_MOUSE.H11MO.0.A	7	6.30119e-05	0.0334593	0.00592985	7	AACAAAG	TTTGCATAACAAAGGA	-
